Subgroup,middleDay,Values
Alabama,2020-04-29,30.3
Alabama,2020-05-09,30.6
Alabama,2020-05-16,25.2
Alabama,2020-05-23,28.8
Alabama,2020-05-30,37.5
Alabama,2020-06-06,36.9
Alabama,2020-06-13,38.1
Alabama,2020-06-20,38.0
Alabama,2020-06-27,35.9
Alabama,2020-07-04,39.6
Alabama,2020-07-11,40.1
Alabama,2020-07-18,43.3
Alabama,2020-08-25,37.2
Alabama,2020-09-08,38.1
Alabama,2020-09-22,37.2
Alabama,2020-10-06,33.6
Alabama,2020-10-20,36.0
Alabama,2020-11-03,44.8
Alabama,2020-11-17,43.8
Alabama,2020-12-01,38.5
Alabama,2020-12-15,44.0
Alabama,2021-01-12,42.0
Alabama,2021-01-26,43.4
Alabama,2021-02-09,40.1
Alabama,2021-02-23,36.5
Alabama,2021-03-09,38.1
Alabama,2021-03-23,34.5
Alabama,2021-04-20,35.5
Alabama,2021-05-04,33.3
Alabama,2021-05-18,28.0
Alabama,2021-06-01,31.8
Alabama,2021-06-15,29.5
Alabama,2021-06-29,35.9
Alabama,2021-07-27,35.3
Alabama,2021-08-10,29.9
Alabama,2021-08-24,38.5
Alabama,2021-09-07,34.2
Alabama,2021-09-21,32.4
Alabama,2021-10-05,34.1
Alabama,2021-12-07,32.1
Alabama,2022-01-04,33.9
Alabama,2022-02-01,33.8
Alabama,2022-03-08,33.5
Alabama,2022-04-05,28.6
Alabama,2022-05-03,31.0
Alabama,2022-06-07,37.7
Alabama,2022-07-05,37.4
Alabama,2022-08-02,42.3
Alabama,2022-09-20,42.7
Alabama,2022-10-11,34.5
Alaska,2020-04-29,31.5
Alaska,2020-05-09,35.7
Alaska,2020-05-16,32.7
Alaska,2020-05-23,36.4
Alaska,2020-05-30,31.6
Alaska,2020-06-06,35.2
Alaska,2020-06-13,36.5
Alaska,2020-06-20,37.1
Alaska,2020-06-27,35.3
Alaska,2020-07-04,32.9
Alaska,2020-07-11,39.6
Alaska,2020-07-18,38.8
Alaska,2020-08-25,34.8
Alaska,2020-09-08,33.6
Alaska,2020-09-22,35.5
Alaska,2020-10-06,37.4
Alaska,2020-10-20,38.5
Alaska,2020-11-03,38.2
Alaska,2020-11-17,44.6
Alaska,2020-12-01,42.6
Alaska,2020-12-15,44.1
Alaska,2021-01-12,41.5
Alaska,2021-01-26,43.1
Alaska,2021-02-09,41.3
Alaska,2021-02-23,35.6
Alaska,2021-03-09,35.6
Alaska,2021-03-23,37.8
Alaska,2021-04-20,31.8
Alaska,2021-05-04,33.8
Alaska,2021-05-18,29.3
Alaska,2021-06-01,26.9
Alaska,2021-06-15,31.8
Alaska,2021-06-29,27.4
Alaska,2021-07-27,34.2
Alaska,2021-08-10,28.1
Alaska,2021-08-24,33.5
Alaska,2021-09-07,34.3
Alaska,2021-09-21,36.5
Alaska,2021-10-05,38.5
Alaska,2021-12-07,37.8
Alaska,2022-01-04,31.9
Alaska,2022-02-01,33.4
Alaska,2022-03-08,32.7
Alaska,2022-04-05,27.0
Alaska,2022-05-03,30.9
Alaska,2022-06-07,32.8
Alaska,2022-07-05,31.6
Alaska,2022-08-02,35.8
Alaska,2022-09-20,41.0
Alaska,2022-10-11,35.9
Arizona,2020-04-29,36.4
Arizona,2020-05-09,38.4
Arizona,2020-05-16,32.1
Arizona,2020-05-23,35.5
Arizona,2020-05-30,32.6
Arizona,2020-06-06,36.8
Arizona,2020-06-13,33.3
Arizona,2020-06-20,40.1
Arizona,2020-06-27,44.1
Arizona,2020-07-04,42.4
Arizona,2020-07-11,44.2
Arizona,2020-07-18,44.9
Arizona,2020-08-25,35.1
Arizona,2020-09-08,39.0
Arizona,2020-09-22,39.3
Arizona,2020-10-06,37.8
Arizona,2020-10-20,39.8
Arizona,2020-11-03,40.3
Arizona,2020-11-17,43.8
Arizona,2020-12-01,39.8
Arizona,2020-12-15,43.5
Arizona,2021-01-12,38.4
Arizona,2021-01-26,40.8
Arizona,2021-02-09,41.7
Arizona,2021-02-23,38.9
Arizona,2021-03-09,38.0
Arizona,2021-03-23,35.1
Arizona,2021-04-20,34.4
Arizona,2021-05-04,29.9
Arizona,2021-05-18,27.9
Arizona,2021-06-01,31.8
Arizona,2021-06-15,32.0
Arizona,2021-06-29,33.4
Arizona,2021-07-27,32.0
Arizona,2021-08-10,34.7
Arizona,2021-08-24,35.8
Arizona,2021-09-07,30.9
Arizona,2021-09-21,30.9
Arizona,2021-10-05,33.0
Arizona,2021-12-07,31.2
Arizona,2022-01-04,34.1
Arizona,2022-02-01,31.5
Arizona,2022-03-08,34.4
Arizona,2022-04-05,28.5
Arizona,2022-05-03,29.4
Arizona,2022-06-07,34.8
Arizona,2022-07-05,34.7
Arizona,2022-08-02,31.4
Arizona,2022-09-20,39.3
Arizona,2022-10-11,39.7
Arkansas,2020-04-29,38.0
Arkansas,2020-05-09,33.0
Arkansas,2020-05-16,35.2
Arkansas,2020-05-23,33.8
Arkansas,2020-05-30,39.0
Arkansas,2020-06-06,38.2
Arkansas,2020-06-13,39.0
Arkansas,2020-06-20,38.2
Arkansas,2020-06-27,37.4
Arkansas,2020-07-04,41.2
Arkansas,2020-07-11,45.1
Arkansas,2020-07-18,43.5
Arkansas,2020-08-25,35.3
Arkansas,2020-09-08,41.1
Arkansas,2020-09-22,31.6
Arkansas,2020-10-06,42.3
Arkansas,2020-10-20,38.5
Arkansas,2020-11-03,41.6
Arkansas,2020-11-17,44.2
Arkansas,2020-12-01,41.9
Arkansas,2020-12-15,43.0
Arkansas,2021-01-12,41.1
Arkansas,2021-01-26,40.0
Arkansas,2021-02-09,43.4
Arkansas,2021-02-23,39.7
Arkansas,2021-03-09,47.2
Arkansas,2021-03-23,37.5
Arkansas,2021-04-20,34.8
Arkansas,2021-05-04,35.5
Arkansas,2021-05-18,33.7
Arkansas,2021-06-01,32.9
Arkansas,2021-06-15,34.5
Arkansas,2021-06-29,26.4
Arkansas,2021-07-27,35.0
Arkansas,2021-08-10,35.1
Arkansas,2021-08-24,36.2
Arkansas,2021-09-07,34.5
Arkansas,2021-09-21,38.3
Arkansas,2021-10-05,37.8
Arkansas,2021-12-07,34.4
Arkansas,2022-01-04,40.6
Arkansas,2022-02-01,38.2
Arkansas,2022-03-08,38.8
Arkansas,2022-04-05,32.8
Arkansas,2022-05-03,28.3
Arkansas,2022-06-07,37.5
Arkansas,2022-07-05,39.6
Arkansas,2022-08-02,31.4
Arkansas,2022-09-20,41.7
Arkansas,2022-10-11,43.6
California,2020-04-29,37.4
California,2020-05-09,34.4
California,2020-05-16,38.8
California,2020-05-23,36.2
California,2020-05-30,38.6
California,2020-06-06,39.7
California,2020-06-13,37.9
California,2020-06-20,39.1
California,2020-06-27,38.1
California,2020-07-04,39.4
California,2020-07-11,44.5
California,2020-07-18,44.1
California,2020-08-25,38.0
California,2020-09-08,39.1
California,2020-09-22,42.3
California,2020-10-06,42.4
California,2020-10-20,39.9
California,2020-11-03,43.7
California,2020-11-17,45.1
California,2020-12-01,43.2
California,2020-12-15,45.0
California,2021-01-12,45.4
California,2021-01-26,46.1
California,2021-02-09,42.1
California,2021-02-23,41.5
California,2021-03-09,39.7
California,2021-03-23,39.3
California,2021-04-20,37.3
California,2021-05-04,33.0
California,2021-05-18,32.3
California,2021-06-01,30.7
California,2021-06-15,31.5
California,2021-06-29,30.3
California,2021-07-27,33.4
California,2021-08-10,32.4
California,2021-08-24,31.5
California,2021-09-07,32.5
California,2021-09-21,33.9
California,2021-10-05,32.0
California,2021-12-07,30.4
California,2022-01-04,31.9
California,2022-02-01,32.9
California,2022-03-08,32.8
California,2022-04-05,30.1
California,2022-05-03,33.1
California,2022-06-07,34.8
California,2022-07-05,33.1
California,2022-08-02,33.8
California,2022-09-20,37.2
California,2022-10-11,35.7
Colorado,2020-04-29,35.9
Colorado,2020-05-09,32.2
Colorado,2020-05-16,33.1
Colorado,2020-05-23,33.5
Colorado,2020-05-30,33.6
Colorado,2020-06-06,34.7
Colorado,2020-06-13,33.5
Colorado,2020-06-20,31.4
Colorado,2020-06-27,37.3
Colorado,2020-07-04,42.4
Colorado,2020-07-11,39.2
Colorado,2020-07-18,41.5
Colorado,2020-08-25,37.6
Colorado,2020-09-08,36.7
Colorado,2020-09-22,37.7
Colorado,2020-10-06,37.5
Colorado,2020-10-20,37.7
Colorado,2020-11-03,43.3
Colorado,2020-11-17,45.8
Colorado,2020-12-01,43.0
Colorado,2020-12-15,44.6
Colorado,2021-01-12,41.7
Colorado,2021-01-26,41.4
Colorado,2021-02-09,36.3
Colorado,2021-02-23,37.6
Colorado,2021-03-09,42.3
Colorado,2021-03-23,34.8
Colorado,2021-04-20,31.5
Colorado,2021-05-04,30.8
Colorado,2021-05-18,33.1
Colorado,2021-06-01,30.3
Colorado,2021-06-15,28.3
Colorado,2021-06-29,27.9
Colorado,2021-07-27,27.9
Colorado,2021-08-10,30.2
Colorado,2021-08-24,29.7
Colorado,2021-09-07,29.1
Colorado,2021-09-21,30.9
Colorado,2021-10-05,32.0
Colorado,2021-12-07,33.2
Colorado,2022-01-04,30.2
Colorado,2022-02-01,28.5
Colorado,2022-03-08,29.0
Colorado,2022-04-05,31.5
Colorado,2022-05-03,24.0
Colorado,2022-06-07,33.7
Colorado,2022-07-05,33.1
Colorado,2022-08-02,32.6
Colorado,2022-09-20,37.6
Colorado,2022-10-11,35.9
Connecticut,2020-04-29,40.2
Connecticut,2020-05-09,36.0
Connecticut,2020-05-16,33.9
Connecticut,2020-05-23,28.0
Connecticut,2020-05-30,35.1
Connecticut,2020-06-06,32.8
Connecticut,2020-06-13,38.7
Connecticut,2020-06-20,39.4
Connecticut,2020-06-27,35.3
Connecticut,2020-07-04,39.0
Connecticut,2020-07-11,35.7
Connecticut,2020-07-18,35.1
Connecticut,2020-08-25,38.8
Connecticut,2020-09-08,36.1
Connecticut,2020-09-22,33.5
Connecticut,2020-10-06,34.6
Connecticut,2020-10-20,36.9
Connecticut,2020-11-03,41.8
Connecticut,2020-11-17,37.5
Connecticut,2020-12-01,41.6
Connecticut,2020-12-15,40.8
Connecticut,2021-01-12,39.5
Connecticut,2021-01-26,40.6
Connecticut,2021-02-09,40.2
Connecticut,2021-02-23,40.6
Connecticut,2021-03-09,33.3
Connecticut,2021-03-23,31.8
Connecticut,2021-04-20,31.5
Connecticut,2021-05-04,29.4
Connecticut,2021-05-18,32.4
Connecticut,2021-06-01,23.6
Connecticut,2021-06-15,30.6
Connecticut,2021-06-29,26.8
Connecticut,2021-07-27,26.7
Connecticut,2021-08-10,24.9
Connecticut,2021-08-24,27.9
Connecticut,2021-09-07,29.2
Connecticut,2021-09-21,28.1
Connecticut,2021-10-05,28.7
Connecticut,2021-12-07,29.3
Connecticut,2022-01-04,31.6
Connecticut,2022-02-01,32.3
Connecticut,2022-03-08,28.9
Connecticut,2022-04-05,25.0
Connecticut,2022-05-03,30.0
Connecticut,2022-06-07,31.4
Connecticut,2022-07-05,32.7
Connecticut,2022-08-02,29.2
Connecticut,2022-09-20,34.5
Connecticut,2022-10-11,35.7
Delaware,2020-04-29,34.7
Delaware,2020-05-09,31.6
Delaware,2020-05-16,31.8
Delaware,2020-05-23,31.1
Delaware,2020-05-30,30.3
Delaware,2020-06-06,33.0
Delaware,2020-06-13,34.7
Delaware,2020-06-20,30.9
Delaware,2020-06-27,33.2
Delaware,2020-07-04,31.5
Delaware,2020-07-11,34.4
Delaware,2020-07-18,36.6
Delaware,2020-08-25,30.5
Delaware,2020-09-08,33.3
Delaware,2020-09-22,28.0
Delaware,2020-10-06,39.0
Delaware,2020-10-20,34.3
Delaware,2020-11-03,41.5
Delaware,2020-11-17,35.9
Delaware,2020-12-01,42.9
Delaware,2020-12-15,39.9
Delaware,2021-01-12,40.8
Delaware,2021-01-26,32.8
Delaware,2021-02-09,37.5
Delaware,2021-02-23,33.7
Delaware,2021-03-09,32.4
Delaware,2021-03-23,30.6
Delaware,2021-04-20,24.7
Delaware,2021-05-04,30.8
Delaware,2021-05-18,26.1
Delaware,2021-06-01,27.4
Delaware,2021-06-15,31.4
Delaware,2021-06-29,25.8
Delaware,2021-07-27,32.5
Delaware,2021-08-10,32.1
Delaware,2021-08-24,32.4
Delaware,2021-09-07,30.4
Delaware,2021-09-21,33.9
Delaware,2021-10-05,26.6
Delaware,2021-12-07,26.3
Delaware,2022-01-04,30.1
Delaware,2022-02-01,33.4
Delaware,2022-03-08,24.3
Delaware,2022-04-05,27.1
Delaware,2022-05-03,24.2
Delaware,2022-06-07,26.2
Delaware,2022-07-05,25.5
Delaware,2022-08-02,30.6
Delaware,2022-09-20,39.6
Delaware,2022-10-11,31.5
District of Columbia,2020-04-29,37.6
District of Columbia,2020-05-09,40.6
District of Columbia,2020-05-16,37.3
District of Columbia,2020-05-23,34.2
District of Columbia,2020-05-30,33.0
District of Columbia,2020-06-06,39.5
District of Columbia,2020-06-13,28.9
District of Columbia,2020-06-20,43.1
District of Columbia,2020-06-27,39.4
District of Columbia,2020-07-04,37.8
District of Columbia,2020-07-11,28.0
District of Columbia,2020-07-18,36.1
District of Columbia,2020-08-25,35.3
District of Columbia,2020-09-08,36.3
District of Columbia,2020-09-22,46.4
District of Columbia,2020-10-06,37.1
District of Columbia,2020-10-20,40.1
District of Columbia,2020-11-03,50.1
District of Columbia,2020-11-17,40.3
District of Columbia,2020-12-01,41.8
District of Columbia,2020-12-15,41.4
District of Columbia,2021-01-12,39.4
District of Columbia,2021-01-26,43.7
District of Columbia,2021-02-09,38.6
District of Columbia,2021-02-23,36.4
District of Columbia,2021-03-09,38.1
District of Columbia,2021-03-23,33.8
District of Columbia,2021-04-20,37.4
District of Columbia,2021-05-04,30.6
District of Columbia,2021-05-18,30.8
District of Columbia,2021-06-01,26.8
District of Columbia,2021-06-15,25.0
District of Columbia,2021-06-29,28.0
District of Columbia,2021-07-27,35.1
District of Columbia,2021-08-10,29.7
District of Columbia,2021-08-24,33.0
District of Columbia,2021-09-07,32.4
District of Columbia,2021-09-21,31.7
District of Columbia,2021-10-05,35.9
District of Columbia,2021-12-07,31.1
District of Columbia,2022-01-04,35.9
District of Columbia,2022-02-01,27.1
District of Columbia,2022-03-08,31.9
District of Columbia,2022-04-05,33.4
District of Columbia,2022-05-03,26.8
District of Columbia,2022-06-07,26.4
District of Columbia,2022-07-05,33.2
District of Columbia,2022-08-02,35.1
District of Columbia,2022-09-20,32.6
District of Columbia,2022-10-11,31.1
Florida,2020-04-29,36.8
Florida,2020-05-09,33.6
Florida,2020-05-16,33.5
Florida,2020-05-23,39.1
Florida,2020-05-30,40.0
Florida,2020-06-06,40.7
Florida,2020-06-13,41.8
Florida,2020-06-20,39.7
Florida,2020-06-27,43.8
Florida,2020-07-04,42.0
Florida,2020-07-11,43.6
Florida,2020-07-18,40.5
Florida,2020-08-25,39.4
Florida,2020-09-08,36.4
Florida,2020-09-22,36.4
Florida,2020-10-06,37.8
Florida,2020-10-20,35.7
Florida,2020-11-03,43.6
Florida,2020-11-17,41.3
Florida,2020-12-01,39.4
Florida,2020-12-15,41.5
Florida,2021-01-12,38.0
Florida,2021-01-26,40.8
Florida,2021-02-09,38.9
Florida,2021-02-23,38.5
Florida,2021-03-09,38.7
Florida,2021-03-23,34.7
Florida,2021-04-20,35.0
Florida,2021-05-04,32.9
Florida,2021-05-18,28.9
Florida,2021-06-01,28.0
Florida,2021-06-15,34.0
Florida,2021-06-29,26.6
Florida,2021-07-27,30.9
Florida,2021-08-10,32.3
Florida,2021-08-24,31.4
Florida,2021-09-07,35.5
Florida,2021-09-21,31.5
Florida,2021-10-05,31.6
Florida,2021-12-07,28.8
Florida,2022-01-04,33.6
Florida,2022-02-01,32.6
Florida,2022-03-08,28.7
Florida,2022-04-05,34.0
Florida,2022-05-03,28.3
Florida,2022-06-07,30.4
Florida,2022-07-05,32.1
Florida,2022-08-02,35.6
Florida,2022-09-20,33.4
Florida,2022-10-11,36.1
Georgia,2020-04-29,36.2
Georgia,2020-05-09,34.3
Georgia,2020-05-16,33.6
Georgia,2020-05-23,37.5
Georgia,2020-05-30,34.9
Georgia,2020-06-06,35.7
Georgia,2020-06-13,37.1
Georgia,2020-06-20,36.3
Georgia,2020-06-27,40.9
Georgia,2020-07-04,38.0
Georgia,2020-07-11,43.6
Georgia,2020-07-18,40.0
Georgia,2020-08-25,38.7
Georgia,2020-09-08,34.3
Georgia,2020-09-22,35.3
Georgia,2020-10-06,34.7
Georgia,2020-10-20,37.8
Georgia,2020-11-03,46.4
Georgia,2020-11-17,39.6
Georgia,2020-12-01,39.9
Georgia,2020-12-15,45.7
Georgia,2021-01-12,43.3
Georgia,2021-01-26,44.3
Georgia,2021-02-09,38.7
Georgia,2021-02-23,40.7
Georgia,2021-03-09,33.2
Georgia,2021-03-23,37.9
Georgia,2021-04-20,33.6
Georgia,2021-05-04,29.5
Georgia,2021-05-18,30.9
Georgia,2021-06-01,32.2
Georgia,2021-06-15,33.6
Georgia,2021-06-29,30.5
Georgia,2021-07-27,36.3
Georgia,2021-08-10,34.8
Georgia,2021-08-24,34.5
Georgia,2021-09-07,31.0
Georgia,2021-09-21,31.3
Georgia,2021-10-05,34.3
Georgia,2021-12-07,29.9
Georgia,2022-01-04,29.4
Georgia,2022-02-01,31.9
Georgia,2022-03-08,29.6
Georgia,2022-04-05,31.6
Georgia,2022-05-03,29.4
Georgia,2022-06-07,30.4
Georgia,2022-07-05,29.6
Georgia,2022-08-02,34.1
Georgia,2022-09-20,35.7
Georgia,2022-10-11,34.5
Hawaii,2020-04-29,37.0
Hawaii,2020-05-09,27.1
Hawaii,2020-05-16,29.1
Hawaii,2020-05-23,26.6
Hawaii,2020-05-30,26.1
Hawaii,2020-06-06,27.5
Hawaii,2020-06-13,35.3
Hawaii,2020-06-20,29.4
Hawaii,2020-06-27,38.3
Hawaii,2020-07-04,37.1
Hawaii,2020-07-11,36.7
Hawaii,2020-07-18,41.3
Hawaii,2020-08-25,40.0
Hawaii,2020-09-08,39.4
Hawaii,2020-09-22,33.3
Hawaii,2020-10-06,40.2
Hawaii,2020-10-20,38.8
Hawaii,2020-11-03,43.4
Hawaii,2020-11-17,32.1
Hawaii,2020-12-01,40.7
Hawaii,2020-12-15,37.6
Hawaii,2021-01-12,38.1
Hawaii,2021-01-26,37.6
Hawaii,2021-02-09,33.6
Hawaii,2021-02-23,34.6
Hawaii,2021-03-09,30.6
Hawaii,2021-03-23,28.4
Hawaii,2021-04-20,28.5
Hawaii,2021-05-04,23.2
Hawaii,2021-05-18,25.5
Hawaii,2021-06-01,29.3
Hawaii,2021-06-15,24.9
Hawaii,2021-06-29,32.9
Hawaii,2021-07-27,28.0
Hawaii,2021-08-10,30.5
Hawaii,2021-08-24,31.8
Hawaii,2021-09-07,30.0
Hawaii,2021-09-21,34.5
Hawaii,2021-10-05,32.5
Hawaii,2021-12-07,31.9
Hawaii,2022-01-04,32.1
Hawaii,2022-02-01,33.1
Hawaii,2022-03-08,26.9
Hawaii,2022-04-05,26.6
Hawaii,2022-05-03,24.5
Hawaii,2022-06-07,24.5
Hawaii,2022-07-05,31.0
Hawaii,2022-08-02,29.3
Hawaii,2022-09-20,32.3
Hawaii,2022-10-11,37.4
Idaho,2020-04-29,33.3
Idaho,2020-05-09,29.2
Idaho,2020-05-16,27.6
Idaho,2020-05-23,24.8
Idaho,2020-05-30,31.8
Idaho,2020-06-06,32.0
Idaho,2020-06-13,27.8
Idaho,2020-06-20,31.7
Idaho,2020-06-27,40.7
Idaho,2020-07-04,37.7
Idaho,2020-07-11,37.3
Idaho,2020-07-18,45.5
Idaho,2020-08-25,32.6
Idaho,2020-09-08,35.3
Idaho,2020-09-22,33.2
Idaho,2020-10-06,33.3
Idaho,2020-10-20,35.9
Idaho,2020-11-03,42.2
Idaho,2020-11-17,40.5
Idaho,2020-12-01,41.3
Idaho,2020-12-15,43.7
Idaho,2021-01-12,38.8
Idaho,2021-01-26,40.0
Idaho,2021-02-09,36.9
Idaho,2021-02-23,35.9
Idaho,2021-03-09,34.9
Idaho,2021-03-23,31.1
Idaho,2021-04-20,30.8
Idaho,2021-05-04,25.8
Idaho,2021-05-18,28.9
Idaho,2021-06-01,23.9
Idaho,2021-06-15,29.5
Idaho,2021-06-29,28.9
Idaho,2021-07-27,26.9
Idaho,2021-08-10,31.9
Idaho,2021-08-24,27.9
Idaho,2021-09-07,30.1
Idaho,2021-09-21,29.7
Idaho,2021-10-05,33.0
Idaho,2021-12-07,32.2
Idaho,2022-01-04,28.8
Idaho,2022-02-01,26.2
Idaho,2022-03-08,30.1
Idaho,2022-04-05,29.6
Idaho,2022-05-03,29.2
Idaho,2022-06-07,30.3
Idaho,2022-07-05,33.2
Idaho,2022-08-02,31.0
Idaho,2022-09-20,34.4
Idaho,2022-10-11,33.4
Illinois,2020-04-29,36.6
Illinois,2020-05-09,41.8
Illinois,2020-05-16,35.2
Illinois,2020-05-23,35.6
Illinois,2020-05-30,37.0
Illinois,2020-06-06,39.5
Illinois,2020-06-13,34.6
Illinois,2020-06-20,34.2
Illinois,2020-06-27,39.6
Illinois,2020-07-04,39.4
Illinois,2020-07-11,34.0
Illinois,2020-07-18,43.2
Illinois,2020-08-25,38.2
Illinois,2020-09-08,37.6
Illinois,2020-09-22,36.3
Illinois,2020-10-06,36.6
Illinois,2020-10-20,34.8
Illinois,2020-11-03,41.8
Illinois,2020-11-17,42.6
Illinois,2020-12-01,43.1
Illinois,2020-12-15,39.5
Illinois,2021-01-12,40.9
Illinois,2021-01-26,38.5
Illinois,2021-02-09,37.5
Illinois,2021-02-23,38.2
Illinois,2021-03-09,35.4
Illinois,2021-03-23,36.4
Illinois,2021-04-20,29.7
Illinois,2021-05-04,29.8
Illinois,2021-05-18,29.1
Illinois,2021-06-01,28.2
Illinois,2021-06-15,29.4
Illinois,2021-06-29,24.0
Illinois,2021-07-27,29.6
Illinois,2021-08-10,28.1
Illinois,2021-08-24,28.6
Illinois,2021-09-07,31.4
Illinois,2021-09-21,29.7
Illinois,2021-10-05,31.3
Illinois,2021-12-07,27.6
Illinois,2022-01-04,29.7
Illinois,2022-02-01,32.6
Illinois,2022-03-08,32.3
Illinois,2022-04-05,31.4
Illinois,2022-05-03,29.7
Illinois,2022-06-07,30.7
Illinois,2022-07-05,32.3
Illinois,2022-08-02,31.6
Illinois,2022-09-20,33.3
Illinois,2022-10-11,28.9
Indiana,2020-04-29,37.8
Indiana,2020-05-09,34.9
Indiana,2020-05-16,37.3
Indiana,2020-05-23,35.2
Indiana,2020-05-30,36.2
Indiana,2020-06-06,32.1
Indiana,2020-06-13,39.3
Indiana,2020-06-20,35.9
Indiana,2020-06-27,38.1
Indiana,2020-07-04,39.0
Indiana,2020-07-11,40.7
Indiana,2020-07-18,42.0
Indiana,2020-08-25,38.2
Indiana,2020-09-08,33.1
Indiana,2020-09-22,36.6
Indiana,2020-10-06,34.3
Indiana,2020-10-20,38.8
Indiana,2020-11-03,40.9
Indiana,2020-11-17,39.5
Indiana,2020-12-01,43.7
Indiana,2020-12-15,40.8
Indiana,2021-01-12,38.7
Indiana,2021-01-26,42.2
Indiana,2021-02-09,37.5
Indiana,2021-02-23,38.8
Indiana,2021-03-09,32.8
Indiana,2021-03-23,32.0
Indiana,2021-04-20,33.2
Indiana,2021-05-04,27.4
Indiana,2021-05-18,27.9
Indiana,2021-06-01,29.3
Indiana,2021-06-15,30.2
Indiana,2021-06-29,28.8
Indiana,2021-07-27,31.8
Indiana,2021-08-10,28.0
Indiana,2021-08-24,31.3
Indiana,2021-09-07,30.5
Indiana,2021-09-21,31.4
Indiana,2021-10-05,28.6
Indiana,2021-12-07,30.2
Indiana,2022-01-04,32.2
Indiana,2022-02-01,29.2
Indiana,2022-03-08,29.9
Indiana,2022-04-05,28.2
Indiana,2022-05-03,28.7
Indiana,2022-06-07,34.0
Indiana,2022-07-05,38.1
Indiana,2022-08-02,30.7
Indiana,2022-09-20,38.1
Indiana,2022-10-11,40.8
Iowa,2020-04-29,28.2
Iowa,2020-05-09,26.1
Iowa,2020-05-16,23.8
Iowa,2020-05-23,25.9
Iowa,2020-05-30,32.9
Iowa,2020-06-06,34.9
Iowa,2020-06-13,31.6
Iowa,2020-06-20,37.4
Iowa,2020-06-27,34.3
Iowa,2020-07-04,31.6
Iowa,2020-07-11,28.9
Iowa,2020-07-18,37.8
Iowa,2020-08-25,33.2
Iowa,2020-09-08,32.0
Iowa,2020-09-22,34.2
Iowa,2020-10-06,29.6
Iowa,2020-10-20,33.4
Iowa,2020-11-03,44.3
Iowa,2020-11-17,39.7
Iowa,2020-12-01,36.1
Iowa,2020-12-15,39.5
Iowa,2021-01-12,36.3
Iowa,2021-01-26,38.5
Iowa,2021-02-09,35.5
Iowa,2021-02-23,34.3
Iowa,2021-03-09,33.3
Iowa,2021-03-23,30.1
Iowa,2021-04-20,29.4
Iowa,2021-05-04,27.7
Iowa,2021-05-18,26.2
Iowa,2021-06-01,27.8
Iowa,2021-06-15,32.4
Iowa,2021-06-29,25.3
Iowa,2021-07-27,26.9
Iowa,2021-08-10,27.1
Iowa,2021-08-24,28.5
Iowa,2021-09-07,28.9
Iowa,2021-09-21,30.4
Iowa,2021-10-05,27.2
Iowa,2021-12-07,29.8
Iowa,2022-01-04,28.0
Iowa,2022-02-01,24.5
Iowa,2022-03-08,28.7
Iowa,2022-04-05,28.1
Iowa,2022-05-03,28.0
Iowa,2022-06-07,34.7
Iowa,2022-07-05,26.8
Iowa,2022-08-02,28.7
Iowa,2022-09-20,31.4
Iowa,2022-10-11,31.8
Kansas,2020-04-29,32.5
Kansas,2020-05-09,28.0
Kansas,2020-05-16,31.1
Kansas,2020-05-23,33.2
Kansas,2020-05-30,32.0
Kansas,2020-06-06,36.6
Kansas,2020-06-13,37.1
Kansas,2020-06-20,32.9
Kansas,2020-06-27,31.4
Kansas,2020-07-04,35.8
Kansas,2020-07-11,35.2
Kansas,2020-07-18,39.9
Kansas,2020-08-25,35.9
Kansas,2020-09-08,32.5
Kansas,2020-09-22,35.2
Kansas,2020-10-06,36.2
Kansas,2020-10-20,39.6
Kansas,2020-11-03,43.6
Kansas,2020-11-17,40.0
Kansas,2020-12-01,36.8
Kansas,2020-12-15,41.5
Kansas,2021-01-12,38.7
Kansas,2021-01-26,36.5
Kansas,2021-02-09,34.5
Kansas,2021-02-23,31.5
Kansas,2021-03-09,37.7
Kansas,2021-03-23,32.1
Kansas,2021-04-20,28.7
Kansas,2021-05-04,29.7
Kansas,2021-05-18,25.1
Kansas,2021-06-01,25.4
Kansas,2021-06-15,25.9
Kansas,2021-06-29,27.5
Kansas,2021-07-27,28.3
Kansas,2021-08-10,28.2
Kansas,2021-08-24,29.4
Kansas,2021-09-07,33.7
Kansas,2021-09-21,35.7
Kansas,2021-10-05,29.2
Kansas,2021-12-07,31.1
Kansas,2022-01-04,28.8
Kansas,2022-02-01,29.8
Kansas,2022-03-08,31.3
Kansas,2022-04-05,32.7
Kansas,2022-05-03,27.8
Kansas,2022-06-07,28.1
Kansas,2022-07-05,29.9
Kansas,2022-08-02,32.8
Kansas,2022-09-20,37.5
Kansas,2022-10-11,36.1
Kentucky,2020-04-29,36.4
Kentucky,2020-05-09,37.7
Kentucky,2020-05-16,35.5
Kentucky,2020-05-23,34.7
Kentucky,2020-05-30,39.0
Kentucky,2020-06-06,37.6
Kentucky,2020-06-13,31.9
Kentucky,2020-06-20,38.3
Kentucky,2020-06-27,38.5
Kentucky,2020-07-04,39.9
Kentucky,2020-07-11,42.2
Kentucky,2020-07-18,41.7
Kentucky,2020-08-25,38.7
Kentucky,2020-09-08,40.3
Kentucky,2020-09-22,39.8
Kentucky,2020-10-06,42.8
Kentucky,2020-10-20,41.9
Kentucky,2020-11-03,40.8
Kentucky,2020-11-17,38.9
Kentucky,2020-12-01,45.9
Kentucky,2020-12-15,43.9
Kentucky,2021-01-12,40.4
Kentucky,2021-01-26,43.6
Kentucky,2021-02-09,39.0
Kentucky,2021-02-23,45.9
Kentucky,2021-03-09,39.7
Kentucky,2021-03-23,33.5
Kentucky,2021-04-20,34.8
Kentucky,2021-05-04,35.2
Kentucky,2021-05-18,31.4
Kentucky,2021-06-01,28.4
Kentucky,2021-06-15,33.2
Kentucky,2021-06-29,34.3
Kentucky,2021-07-27,33.7
Kentucky,2021-08-10,34.6
Kentucky,2021-08-24,33.8
Kentucky,2021-09-07,33.0
Kentucky,2021-09-21,29.1
Kentucky,2021-10-05,36.2
Kentucky,2021-12-07,36.7
Kentucky,2022-01-04,34.2
Kentucky,2022-02-01,33.7
Kentucky,2022-03-08,34.8
Kentucky,2022-04-05,37.5
Kentucky,2022-05-03,35.8
Kentucky,2022-06-07,42.0
Kentucky,2022-07-05,40.4
Kentucky,2022-08-02,31.5
Kentucky,2022-09-20,35.9
Kentucky,2022-10-11,44.0
Louisiana,2020-04-29,38.9
Louisiana,2020-05-09,42.8
Louisiana,2020-05-16,34.2
Louisiana,2020-05-23,41.4
Louisiana,2020-05-30,36.3
Louisiana,2020-06-06,36.5
Louisiana,2020-06-13,43.5
Louisiana,2020-06-20,46.8
Louisiana,2020-06-27,44.9
Louisiana,2020-07-04,44.8
Louisiana,2020-07-11,45.4
Louisiana,2020-07-18,43.1
Louisiana,2020-08-25,39.7
Louisiana,2020-09-08,41.7
Louisiana,2020-09-22,44.5
Louisiana,2020-10-06,41.5
Louisiana,2020-10-20,41.2
Louisiana,2020-11-03,42.3
Louisiana,2020-11-17,46.8
Louisiana,2020-12-01,47.3
Louisiana,2020-12-15,50.0
Louisiana,2021-01-12,43.5
Louisiana,2021-01-26,47.5
Louisiana,2021-02-09,42.7
Louisiana,2021-02-23,42.5
Louisiana,2021-03-09,41.0
Louisiana,2021-03-23,37.1
Louisiana,2021-04-20,34.4
Louisiana,2021-05-04,34.3
Louisiana,2021-05-18,33.3
Louisiana,2021-06-01,34.2
Louisiana,2021-06-15,36.3
Louisiana,2021-06-29,29.8
Louisiana,2021-07-27,40.9
Louisiana,2021-08-10,38.4
Louisiana,2021-08-24,39.3
Louisiana,2021-09-07,44.4
Louisiana,2021-09-21,41.7
Louisiana,2021-10-05,32.5
Louisiana,2021-12-07,38.7
Louisiana,2022-01-04,30.7
Louisiana,2022-02-01,35.2
Louisiana,2022-03-08,37.9
Louisiana,2022-04-05,36.7
Louisiana,2022-05-03,30.6
Louisiana,2022-06-07,40.2
Louisiana,2022-07-05,40.4
Louisiana,2022-08-02,34.5
Louisiana,2022-09-20,46.0
Louisiana,2022-10-11,45.6
Maine,2020-04-29,34.3
Maine,2020-05-09,32.9
Maine,2020-05-16,34.2
Maine,2020-05-23,27.8
Maine,2020-05-30,29.3
Maine,2020-06-06,35.4
Maine,2020-06-13,37.9
Maine,2020-06-20,28.7
Maine,2020-06-27,35.6
Maine,2020-07-04,36.3
Maine,2020-07-11,33.0
Maine,2020-07-18,37.8
Maine,2020-08-25,39.3
Maine,2020-09-08,33.7
Maine,2020-09-22,33.5
Maine,2020-10-06,36.3
Maine,2020-10-20,35.9
Maine,2020-11-03,43.8
Maine,2020-11-17,40.9
Maine,2020-12-01,36.9
Maine,2020-12-15,37.7
Maine,2021-01-12,40.6
Maine,2021-01-26,37.5
Maine,2021-02-09,38.2
Maine,2021-02-23,36.8
Maine,2021-03-09,41.5
Maine,2021-03-23,34.8
Maine,2021-04-20,25.7
Maine,2021-05-04,27.3
Maine,2021-05-18,26.2
Maine,2021-06-01,28.0
Maine,2021-06-15,28.6
Maine,2021-06-29,23.7
Maine,2021-07-27,34.5
Maine,2021-08-10,26.3
Maine,2021-08-24,31.0
Maine,2021-09-07,25.9
Maine,2021-09-21,31.2
Maine,2021-10-05,28.6
Maine,2021-12-07,30.9
Maine,2022-01-04,32.4
Maine,2022-02-01,31.3
Maine,2022-03-08,28.7
Maine,2022-04-05,33.3
Maine,2022-05-03,30.5
Maine,2022-06-07,31.3
Maine,2022-07-05,36.5
Maine,2022-08-02,30.2
Maine,2022-09-20,35.1
Maine,2022-10-11,35.5
Maryland,2020-04-29,32.9
Maryland,2020-05-09,34.6
Maryland,2020-05-16,32.7
Maryland,2020-05-23,31.6
Maryland,2020-05-30,30.8
Maryland,2020-06-06,26.9
Maryland,2020-06-13,38.3
Maryland,2020-06-20,33.3
Maryland,2020-06-27,33.6
Maryland,2020-07-04,36.1
Maryland,2020-07-11,33.6
Maryland,2020-07-18,39.3
Maryland,2020-08-25,34.1
Maryland,2020-09-08,35.4
Maryland,2020-09-22,35.3
Maryland,2020-10-06,36.9
Maryland,2020-10-20,37.1
Maryland,2020-11-03,39.7
Maryland,2020-11-17,40.3
Maryland,2020-12-01,38.1
Maryland,2020-12-15,39.7
Maryland,2021-01-12,38.8
Maryland,2021-01-26,39.1
Maryland,2021-02-09,37.3
Maryland,2021-02-23,36.8
Maryland,2021-03-09,36.8
Maryland,2021-03-23,31.1
Maryland,2021-04-20,32.5
Maryland,2021-05-04,27.7
Maryland,2021-05-18,27.7
Maryland,2021-06-01,26.6
Maryland,2021-06-15,31.1
Maryland,2021-06-29,30.4
Maryland,2021-07-27,27.4
Maryland,2021-08-10,28.0
Maryland,2021-08-24,31.4
Maryland,2021-09-07,32.8
Maryland,2021-09-21,30.4
Maryland,2021-10-05,28.4
Maryland,2021-12-07,28.2
Maryland,2022-01-04,27.8
Maryland,2022-02-01,31.1
Maryland,2022-03-08,28.9
Maryland,2022-04-05,29.7
Maryland,2022-05-03,28.0
Maryland,2022-06-07,32.9
Maryland,2022-07-05,31.7
Maryland,2022-08-02,31.0
Maryland,2022-09-20,32.4
Maryland,2022-10-11,30.3
Massachusetts,2020-04-29,40.6
Massachusetts,2020-05-09,31.0
Massachusetts,2020-05-16,32.0
Massachusetts,2020-05-23,29.5
Massachusetts,2020-05-30,29.9
Massachusetts,2020-06-06,31.0
Massachusetts,2020-06-13,29.2
Massachusetts,2020-06-20,33.7
Massachusetts,2020-06-27,34.5
Massachusetts,2020-07-04,33.4
Massachusetts,2020-07-11,38.2
Massachusetts,2020-07-18,35.2
Massachusetts,2020-08-25,35.8
Massachusetts,2020-09-08,32.7
Massachusetts,2020-09-22,38.4
Massachusetts,2020-10-06,37.6
Massachusetts,2020-10-20,37.8
Massachusetts,2020-11-03,42.8
Massachusetts,2020-11-17,42.1
Massachusetts,2020-12-01,39.4
Massachusetts,2020-12-15,42.8
Massachusetts,2021-01-12,38.4
Massachusetts,2021-01-26,42.2
Massachusetts,2021-02-09,39.7
Massachusetts,2021-02-23,39.7
Massachusetts,2021-03-09,34.2
Massachusetts,2021-03-23,30.3
Massachusetts,2021-04-20,31.6
Massachusetts,2021-05-04,29.0
Massachusetts,2021-05-18,28.0
Massachusetts,2021-06-01,27.2
Massachusetts,2021-06-15,27.1
Massachusetts,2021-06-29,26.5
Massachusetts,2021-07-27,27.9
Massachusetts,2021-08-10,29.9
Massachusetts,2021-08-24,32.0
Massachusetts,2021-09-07,30.3
Massachusetts,2021-09-21,27.9
Massachusetts,2021-10-05,31.4
Massachusetts,2021-12-07,30.2
Massachusetts,2022-01-04,30.4
Massachusetts,2022-02-01,30.6
Massachusetts,2022-03-08,32.2
Massachusetts,2022-04-05,29.4
Massachusetts,2022-05-03,30.6
Massachusetts,2022-06-07,30.8
Massachusetts,2022-07-05,28.0
Massachusetts,2022-08-02,29.5
Massachusetts,2022-09-20,33.1
Massachusetts,2022-10-11,39.3
Michigan,2020-04-29,39.4
Michigan,2020-05-09,33.4
Michigan,2020-05-16,35.0
Michigan,2020-05-23,32.8
Michigan,2020-05-30,34.5
Michigan,2020-06-06,28.1
Michigan,2020-06-13,32.4
Michigan,2020-06-20,31.9
Michigan,2020-06-27,34.8
Michigan,2020-07-04,36.7
Michigan,2020-07-11,35.6
Michigan,2020-07-18,40.7
Michigan,2020-08-25,36.7
Michigan,2020-09-08,36.2
Michigan,2020-09-22,33.2
Michigan,2020-10-06,37.0
Michigan,2020-10-20,37.0
Michigan,2020-11-03,34.8
Michigan,2020-11-17,40.7
Michigan,2020-12-01,40.1
Michigan,2020-12-15,45.6
Michigan,2021-01-12,42.9
Michigan,2021-01-26,39.9
Michigan,2021-02-09,39.1
Michigan,2021-02-23,38.3
Michigan,2021-03-09,36.6
Michigan,2021-03-23,35.4
Michigan,2021-04-20,33.5
Michigan,2021-05-04,31.0
Michigan,2021-05-18,28.8
Michigan,2021-06-01,23.1
Michigan,2021-06-15,27.2
Michigan,2021-06-29,29.0
Michigan,2021-07-27,28.8
Michigan,2021-08-10,30.9
Michigan,2021-08-24,30.3
Michigan,2021-09-07,29.3
Michigan,2021-09-21,26.4
Michigan,2021-10-05,29.8
Michigan,2021-12-07,31.4
Michigan,2022-01-04,31.2
Michigan,2022-02-01,32.0
Michigan,2022-03-08,28.0
Michigan,2022-04-05,25.7
Michigan,2022-05-03,31.9
Michigan,2022-06-07,28.0
Michigan,2022-07-05,33.1
Michigan,2022-08-02,30.5
Michigan,2022-09-20,37.9
Michigan,2022-10-11,33.3
Minnesota,2020-04-29,32.4
Minnesota,2020-05-09,27.2
Minnesota,2020-05-16,29.7
Minnesota,2020-05-23,26.1
Minnesota,2020-05-30,30.0
Minnesota,2020-06-06,31.0
Minnesota,2020-06-13,30.5
Minnesota,2020-06-20,30.6
Minnesota,2020-06-27,29.9
Minnesota,2020-07-04,31.1
Minnesota,2020-07-11,31.5
Minnesota,2020-07-18,35.7
Minnesota,2020-08-25,31.8
Minnesota,2020-09-08,30.6
Minnesota,2020-09-22,30.5
Minnesota,2020-10-06,30.7
Minnesota,2020-10-20,30.6
Minnesota,2020-11-03,37.1
Minnesota,2020-11-17,41.4
Minnesota,2020-12-01,39.6
Minnesota,2020-12-15,36.6
Minnesota,2021-01-12,33.6
Minnesota,2021-01-26,37.2
Minnesota,2021-02-09,32.3
Minnesota,2021-02-23,27.8
Minnesota,2021-03-09,32.1
Minnesota,2021-03-23,30.4
Minnesota,2021-04-20,24.7
Minnesota,2021-05-04,24.1
Minnesota,2021-05-18,24.7
Minnesota,2021-06-01,26.6
Minnesota,2021-06-15,25.9
Minnesota,2021-06-29,21.6
Minnesota,2021-07-27,27.0
Minnesota,2021-08-10,26.4
Minnesota,2021-08-24,30.4
Minnesota,2021-09-07,25.5
Minnesota,2021-09-21,26.5
Minnesota,2021-10-05,24.6
Minnesota,2021-12-07,27.9
Minnesota,2022-01-04,26.3
Minnesota,2022-02-01,24.7
Minnesota,2022-03-08,28.7
Minnesota,2022-04-05,26.0
Minnesota,2022-05-03,27.3
Minnesota,2022-06-07,28.1
Minnesota,2022-07-05,27.7
Minnesota,2022-08-02,27.7
Minnesota,2022-09-20,27.8
Minnesota,2022-10-11,34.6
Mississippi,2020-04-29,34.5
Mississippi,2020-05-09,48.4
Mississippi,2020-05-16,44.3
Mississippi,2020-05-23,37.8
Mississippi,2020-05-30,38.7
Mississippi,2020-06-06,38.4
Mississippi,2020-06-13,37.5
Mississippi,2020-06-20,37.6
Mississippi,2020-06-27,42.1
Mississippi,2020-07-04,43.7
Mississippi,2020-07-11,46.5
Mississippi,2020-07-18,48.0
Mississippi,2020-08-25,33.2
Mississippi,2020-09-08,38.6
Mississippi,2020-09-22,38.0
Mississippi,2020-10-06,35.1
Mississippi,2020-10-20,41.5
Mississippi,2020-11-03,42.7
Mississippi,2020-11-17,44.3
Mississippi,2020-12-01,46.8
Mississippi,2020-12-15,45.9
Mississippi,2021-01-12,52.3
Mississippi,2021-01-26,42.7
Mississippi,2021-02-09,43.3
Mississippi,2021-02-23,45.8
Mississippi,2021-03-09,37.0
Mississippi,2021-03-23,42.6
Mississippi,2021-04-20,30.9
Mississippi,2021-05-04,25.7
Mississippi,2021-05-18,32.3
Mississippi,2021-06-01,32.3
Mississippi,2021-06-15,39.2
Mississippi,2021-06-29,33.0
Mississippi,2021-07-27,34.8
Mississippi,2021-08-10,32.5
Mississippi,2021-08-24,33.3
Mississippi,2021-09-07,29.2
Mississippi,2021-09-21,39.2
Mississippi,2021-10-05,35.9
Mississippi,2021-12-07,31.7
Mississippi,2022-01-04,36.3
Mississippi,2022-02-01,37.2
Mississippi,2022-03-08,37.8
Mississippi,2022-04-05,32.8
Mississippi,2022-05-03,38.0
Mississippi,2022-06-07,46.1
Mississippi,2022-07-05,43.5
Mississippi,2022-08-02,35.2
Mississippi,2022-09-20,46.8
Mississippi,2022-10-11,37.4
Missouri,2020-04-29,35.2
Missouri,2020-05-09,41.3
Missouri,2020-05-16,35.4
Missouri,2020-05-23,32.9
Missouri,2020-05-30,33.7
Missouri,2020-06-06,29.5
Missouri,2020-06-13,36.5
Missouri,2020-06-20,32.9
Missouri,2020-06-27,35.8
Missouri,2020-07-04,40.6
Missouri,2020-07-11,38.7
Missouri,2020-07-18,37.9
Missouri,2020-08-25,33.5
Missouri,2020-09-08,33.1
Missouri,2020-09-22,33.8
Missouri,2020-10-06,36.4
Missouri,2020-10-20,40.8
Missouri,2020-11-03,40.3
Missouri,2020-11-17,39.7
Missouri,2020-12-01,38.9
Missouri,2020-12-15,40.3
Missouri,2021-01-12,43.7
Missouri,2021-01-26,39.0
Missouri,2021-02-09,39.9
Missouri,2021-02-23,37.8
Missouri,2021-03-09,37.6
Missouri,2021-03-23,34.7
Missouri,2021-04-20,32.7
Missouri,2021-05-04,30.9
Missouri,2021-05-18,26.7
Missouri,2021-06-01,33.6
Missouri,2021-06-15,31.9
Missouri,2021-06-29,30.0
Missouri,2021-07-27,31.1
Missouri,2021-08-10,32.0
Missouri,2021-08-24,30.6
Missouri,2021-09-07,33.7
Missouri,2021-09-21,39.4
Missouri,2021-10-05,33.6
Missouri,2021-12-07,32.8
Missouri,2022-01-04,32.7
Missouri,2022-02-01,31.4
Missouri,2022-03-08,33.5
Missouri,2022-04-05,32.2
Missouri,2022-05-03,31.7
Missouri,2022-06-07,31.1
Missouri,2022-07-05,30.5
Missouri,2022-08-02,31.5
Missouri,2022-09-20,36.9
Missouri,2022-10-11,39.4
Montana,2020-04-29,27.3
Montana,2020-05-09,27.6
Montana,2020-05-16,29.7
Montana,2020-05-23,30.7
Montana,2020-05-30,28.6
Montana,2020-06-06,30.4
Montana,2020-06-13,34.2
Montana,2020-06-20,30.9
Montana,2020-06-27,30.6
Montana,2020-07-04,34.3
Montana,2020-07-11,40.2
Montana,2020-07-18,36.0
Montana,2020-08-25,30.7
Montana,2020-09-08,33.1
Montana,2020-09-22,38.2
Montana,2020-10-06,32.8
Montana,2020-10-20,34.8
Montana,2020-11-03,39.4
Montana,2020-11-17,45.3
Montana,2020-12-01,39.4
Montana,2020-12-15,40.7
Montana,2021-01-12,35.7
Montana,2021-01-26,35.1
Montana,2021-02-09,32.1
Montana,2021-02-23,31.1
Montana,2021-03-09,30.8
Montana,2021-03-23,32.7
Montana,2021-04-20,36.1
Montana,2021-05-04,24.1
Montana,2021-05-18,27.1
Montana,2021-06-01,22.1
Montana,2021-06-15,26.7
Montana,2021-06-29,26.9
Montana,2021-07-27,24.2
Montana,2021-08-10,32.1
Montana,2021-08-24,26.3
Montana,2021-09-07,25.5
Montana,2021-09-21,34.0
Montana,2021-10-05,28.2
Montana,2021-12-07,30.1
Montana,2022-01-04,34.6
Montana,2022-02-01,33.3
Montana,2022-03-08,25.9
Montana,2022-04-05,29.8
Montana,2022-05-03,32.3
Montana,2022-06-07,27.1
Montana,2022-07-05,37.0
Montana,2022-08-02,36.1
Montana,2022-09-20,33.9
Montana,2022-10-11,34.9
Nebraska,2020-04-29,28.6
Nebraska,2020-05-09,33.4
Nebraska,2020-05-16,26.2
Nebraska,2020-05-23,28.1
Nebraska,2020-05-30,26.6
Nebraska,2020-06-06,31.0
Nebraska,2020-06-13,29.7
Nebraska,2020-06-20,31.2
Nebraska,2020-06-27,30.5
Nebraska,2020-07-04,30.9
Nebraska,2020-07-11,34.1
Nebraska,2020-07-18,37.3
Nebraska,2020-08-25,32.0
Nebraska,2020-09-08,30.4
Nebraska,2020-09-22,30.8
Nebraska,2020-10-06,32.5
Nebraska,2020-10-20,33.3
Nebraska,2020-11-03,38.1
Nebraska,2020-11-17,39.6
Nebraska,2020-12-01,39.6
Nebraska,2020-12-15,36.4
Nebraska,2021-01-12,38.5
Nebraska,2021-01-26,33.8
Nebraska,2021-02-09,35.9
Nebraska,2021-02-23,25.5
Nebraska,2021-03-09,31.4
Nebraska,2021-03-23,32.2
Nebraska,2021-04-20,31.2
Nebraska,2021-05-04,31.6
Nebraska,2021-05-18,25.3
Nebraska,2021-06-01,22.6
Nebraska,2021-06-15,25.4
Nebraska,2021-06-29,25.5
Nebraska,2021-07-27,25.1
Nebraska,2021-08-10,28.4
Nebraska,2021-08-24,27.9
Nebraska,2021-09-07,28.1
Nebraska,2021-09-21,26.3
Nebraska,2021-10-05,33.5
Nebraska,2021-12-07,30.5
Nebraska,2022-01-04,35.4
Nebraska,2022-02-01,28.3
Nebraska,2022-03-08,28.9
Nebraska,2022-04-05,28.6
Nebraska,2022-05-03,28.9
Nebraska,2022-06-07,31.3
Nebraska,2022-07-05,30.3
Nebraska,2022-08-02,31.0
Nebraska,2022-09-20,31.7
Nebraska,2022-10-11,35.7
Nevada,2020-04-29,34.8
Nevada,2020-05-09,38.1
Nevada,2020-05-16,36.9
Nevada,2020-05-23,40.7
Nevada,2020-05-30,34.2
Nevada,2020-06-06,38.5
Nevada,2020-06-13,37.9
Nevada,2020-06-20,45.6
Nevada,2020-06-27,39.1
Nevada,2020-07-04,44.8
Nevada,2020-07-11,46.4
Nevada,2020-07-18,46.8
Nevada,2020-08-25,40.4
Nevada,2020-09-08,37.6
Nevada,2020-09-22,42.8
Nevada,2020-10-06,43.3
Nevada,2020-10-20,41.9
Nevada,2020-11-03,47.3
Nevada,2020-11-17,47.6
Nevada,2020-12-01,47.2
Nevada,2020-12-15,46.1
Nevada,2021-01-12,41.7
Nevada,2021-01-26,41.4
Nevada,2021-02-09,44.0
Nevada,2021-02-23,46.5
Nevada,2021-03-09,33.7
Nevada,2021-03-23,41.7
Nevada,2021-04-20,32.6
Nevada,2021-05-04,29.2
Nevada,2021-05-18,28.4
Nevada,2021-06-01,36.5
Nevada,2021-06-15,33.9
Nevada,2021-06-29,35.6
Nevada,2021-07-27,37.0
Nevada,2021-08-10,33.1
Nevada,2021-08-24,36.4
Nevada,2021-09-07,33.2
Nevada,2021-09-21,37.0
Nevada,2021-10-05,30.0
Nevada,2021-12-07,36.3
Nevada,2022-01-04,35.4
Nevada,2022-02-01,37.0
Nevada,2022-03-08,32.7
Nevada,2022-04-05,31.2
Nevada,2022-05-03,30.1
Nevada,2022-06-07,39.9
Nevada,2022-07-05,38.3
Nevada,2022-08-02,32.5
Nevada,2022-09-20,37.1
Nevada,2022-10-11,38.9
New Hampshire,2020-04-29,34.8
New Hampshire,2020-05-09,35.0
New Hampshire,2020-05-16,28.8
New Hampshire,2020-05-23,31.1
New Hampshire,2020-05-30,31.8
New Hampshire,2020-06-06,35.1
New Hampshire,2020-06-13,33.4
New Hampshire,2020-06-20,34.4
New Hampshire,2020-06-27,32.4
New Hampshire,2020-07-04,35.7
New Hampshire,2020-07-11,35.1
New Hampshire,2020-07-18,40.7
New Hampshire,2020-08-25,31.5
New Hampshire,2020-09-08,34.9
New Hampshire,2020-09-22,32.2
New Hampshire,2020-10-06,31.4
New Hampshire,2020-10-20,31.0
New Hampshire,2020-11-03,39.2
New Hampshire,2020-11-17,40.1
New Hampshire,2020-12-01,41.7
New Hampshire,2020-12-15,39.5
New Hampshire,2021-01-12,36.5
New Hampshire,2021-01-26,37.7
New Hampshire,2021-02-09,32.6
New Hampshire,2021-02-23,34.4
New Hampshire,2021-03-09,35.7
New Hampshire,2021-03-23,32.4
New Hampshire,2021-04-20,27.3
New Hampshire,2021-05-04,26.3
New Hampshire,2021-05-18,27.5
New Hampshire,2021-06-01,33.4
New Hampshire,2021-06-15,21.0
New Hampshire,2021-06-29,29.9
New Hampshire,2021-07-27,25.9
New Hampshire,2021-08-10,30.0
New Hampshire,2021-08-24,23.9
New Hampshire,2021-09-07,28.7
New Hampshire,2021-09-21,26.8
New Hampshire,2021-10-05,23.5
New Hampshire,2021-12-07,30.7
New Hampshire,2022-01-04,31.7
New Hampshire,2022-02-01,23.9
New Hampshire,2022-03-08,29.6
New Hampshire,2022-04-05,30.8
New Hampshire,2022-05-03,31.9
New Hampshire,2022-06-07,31.2
New Hampshire,2022-07-05,28.8
New Hampshire,2022-08-02,28.8
New Hampshire,2022-09-20,38.1
New Hampshire,2022-10-11,33.2
New Jersey,2020-04-29,37.6
New Jersey,2020-05-09,39.6
New Jersey,2020-05-16,39.3
New Jersey,2020-05-23,31.1
New Jersey,2020-05-30,36.5
New Jersey,2020-06-06,33.8
New Jersey,2020-06-13,38.7
New Jersey,2020-06-20,34.1
New Jersey,2020-06-27,33.9
New Jersey,2020-07-04,38.2
New Jersey,2020-07-11,42.0
New Jersey,2020-07-18,37.6
New Jersey,2020-08-25,37.8
New Jersey,2020-09-08,35.4
New Jersey,2020-09-22,38.3
New Jersey,2020-10-06,39.1
New Jersey,2020-10-20,35.7
New Jersey,2020-11-03,36.9
New Jersey,2020-11-17,40.9
New Jersey,2020-12-01,40.8
New Jersey,2020-12-15,41.4
New Jersey,2021-01-12,39.4
New Jersey,2021-01-26,42.2
New Jersey,2021-02-09,38.8
New Jersey,2021-02-23,38.0
New Jersey,2021-03-09,36.0
New Jersey,2021-03-23,35.0
New Jersey,2021-04-20,32.7
New Jersey,2021-05-04,27.8
New Jersey,2021-05-18,26.3
New Jersey,2021-06-01,30.2
New Jersey,2021-06-15,31.0
New Jersey,2021-06-29,21.9
New Jersey,2021-07-27,25.8
New Jersey,2021-08-10,25.6
New Jersey,2021-08-24,30.6
New Jersey,2021-09-07,28.1
New Jersey,2021-09-21,29.7
New Jersey,2021-10-05,28.6
New Jersey,2021-12-07,27.8
New Jersey,2022-01-04,33.8
New Jersey,2022-02-01,34.9
New Jersey,2022-03-08,27.7
New Jersey,2022-04-05,32.0
New Jersey,2022-05-03,29.8
New Jersey,2022-06-07,29.6
New Jersey,2022-07-05,36.1
New Jersey,2022-08-02,24.5
New Jersey,2022-09-20,31.7
New Jersey,2022-10-11,38.5
New Mexico,2020-04-29,34.6
New Mexico,2020-05-09,39.8
New Mexico,2020-05-16,37.4
New Mexico,2020-05-23,39.1
New Mexico,2020-05-30,39.5
New Mexico,2020-06-06,34.7
New Mexico,2020-06-13,25.5
New Mexico,2020-06-20,42.5
New Mexico,2020-06-27,39.1
New Mexico,2020-07-04,43.3
New Mexico,2020-07-11,41.7
New Mexico,2020-07-18,47.5
New Mexico,2020-08-25,38.9
New Mexico,2020-09-08,40.2
New Mexico,2020-09-22,43.2
New Mexico,2020-10-06,41.1
New Mexico,2020-10-20,46.3
New Mexico,2020-11-03,44.2
New Mexico,2020-11-17,49.7
New Mexico,2020-12-01,46.1
New Mexico,2020-12-15,47.7
New Mexico,2021-01-12,38.9
New Mexico,2021-01-26,43.3
New Mexico,2021-02-09,42.9
New Mexico,2021-02-23,42.5
New Mexico,2021-03-09,39.8
New Mexico,2021-03-23,38.3
New Mexico,2021-04-20,30.8
New Mexico,2021-05-04,28.4
New Mexico,2021-05-18,29.1
New Mexico,2021-06-01,32.8
New Mexico,2021-06-15,35.7
New Mexico,2021-06-29,36.6
New Mexico,2021-07-27,33.6
New Mexico,2021-08-10,33.6
New Mexico,2021-08-24,30.3
New Mexico,2021-09-07,31.7
New Mexico,2021-09-21,34.2
New Mexico,2021-10-05,31.9
New Mexico,2021-12-07,34.6
New Mexico,2022-01-04,36.8
New Mexico,2022-02-01,34.8
New Mexico,2022-03-08,34.0
New Mexico,2022-04-05,39.3
New Mexico,2022-05-03,32.4
New Mexico,2022-06-07,33.2
New Mexico,2022-07-05,39.5
New Mexico,2022-08-02,32.4
New Mexico,2022-09-20,38.1
New Mexico,2022-10-11,40.5
New York,2020-04-29,41.4
New York,2020-05-09,36.9
New York,2020-05-16,34.9
New York,2020-05-23,34.4
New York,2020-05-30,34.8
New York,2020-06-06,38.6
New York,2020-06-13,32.9
New York,2020-06-20,32.9
New York,2020-06-27,34.3
New York,2020-07-04,39.7
New York,2020-07-11,38.3
New York,2020-07-18,41.1
New York,2020-08-25,34.4
New York,2020-09-08,37.7
New York,2020-09-22,36.2
New York,2020-10-06,35.2
New York,2020-10-20,38.9
New York,2020-11-03,36.5
New York,2020-11-17,41.7
New York,2020-12-01,38.9
New York,2020-12-15,40.7
New York,2021-01-12,40.2
New York,2021-01-26,35.8
New York,2021-02-09,41.8
New York,2021-02-23,38.7
New York,2021-03-09,36.6
New York,2021-03-23,36.1
New York,2021-04-20,31.2
New York,2021-05-04,31.6
New York,2021-05-18,32.4
New York,2021-06-01,27.7
New York,2021-06-15,30.5
New York,2021-06-29,26.7
New York,2021-07-27,24.9
New York,2021-08-10,29.6
New York,2021-08-24,28.6
New York,2021-09-07,32.0
New York,2021-09-21,37.4
New York,2021-10-05,29.6
New York,2021-12-07,33.3
New York,2022-01-04,31.4
New York,2022-02-01,29.6
New York,2022-03-08,29.1
New York,2022-04-05,30.9
New York,2022-05-03,32.0
New York,2022-06-07,29.8
New York,2022-07-05,31.9
New York,2022-08-02,26.3
New York,2022-09-20,37.2
New York,2022-10-11,33.3
North Carolina,2020-04-29,34.6
North Carolina,2020-05-09,28.1
North Carolina,2020-05-16,32.2
North Carolina,2020-05-23,32.3
North Carolina,2020-05-30,33.0
North Carolina,2020-06-06,36.2
North Carolina,2020-06-13,36.2
North Carolina,2020-06-20,34.1
North Carolina,2020-06-27,33.4
North Carolina,2020-07-04,38.4
North Carolina,2020-07-11,38.3
North Carolina,2020-07-18,39.5
North Carolina,2020-08-25,32.3
North Carolina,2020-09-08,32.2
North Carolina,2020-09-22,32.6
North Carolina,2020-10-06,35.8
North Carolina,2020-10-20,32.4
North Carolina,2020-11-03,42.3
North Carolina,2020-11-17,41.5
North Carolina,2020-12-01,39.0
North Carolina,2020-12-15,37.0
North Carolina,2021-01-12,44.3
North Carolina,2021-01-26,44.7
North Carolina,2021-02-09,38.9
North Carolina,2021-02-23,38.8
North Carolina,2021-03-09,35.8
North Carolina,2021-03-23,32.5
North Carolina,2021-04-20,31.2
North Carolina,2021-05-04,33.5
North Carolina,2021-05-18,28.1
North Carolina,2021-06-01,31.8
North Carolina,2021-06-15,25.7
North Carolina,2021-06-29,31.2
North Carolina,2021-07-27,26.3
North Carolina,2021-08-10,29.3
North Carolina,2021-08-24,34.0
North Carolina,2021-09-07,32.2
North Carolina,2021-09-21,28.6
North Carolina,2021-10-05,35.0
North Carolina,2021-12-07,30.0
North Carolina,2022-01-04,29.3
North Carolina,2022-02-01,28.0
North Carolina,2022-03-08,29.7
North Carolina,2022-04-05,31.5
North Carolina,2022-05-03,28.1
North Carolina,2022-06-07,35.6
North Carolina,2022-07-05,32.3
North Carolina,2022-08-02,29.7
North Carolina,2022-09-20,32.8
North Carolina,2022-10-11,32.7
North Dakota,2020-04-29,27.7
North Dakota,2020-05-09,28.6
North Dakota,2020-05-16,31.9
North Dakota,2020-05-23,28.1
North Dakota,2020-05-30,26.0
North Dakota,2020-06-06,23.0
North Dakota,2020-06-13,33.6
North Dakota,2020-06-20,33.0
North Dakota,2020-06-27,34.0
North Dakota,2020-07-04,32.6
North Dakota,2020-07-11,33.3
North Dakota,2020-07-18,33.8
North Dakota,2020-08-25,29.6
North Dakota,2020-09-08,26.3
North Dakota,2020-09-22,27.7
North Dakota,2020-10-06,27.8
North Dakota,2020-10-20,30.9
North Dakota,2020-11-03,25.5
North Dakota,2020-11-17,39.0
North Dakota,2020-12-01,32.8
North Dakota,2020-12-15,34.1
North Dakota,2021-01-12,35.6
North Dakota,2021-01-26,28.8
North Dakota,2021-02-09,35.5
North Dakota,2021-02-23,30.1
North Dakota,2021-03-09,26.8
North Dakota,2021-03-23,26.7
North Dakota,2021-04-20,31.4
North Dakota,2021-05-04,24.8
North Dakota,2021-05-18,23.2
North Dakota,2021-06-01,27.0
North Dakota,2021-06-15,26.5
North Dakota,2021-06-29,27.1
North Dakota,2021-07-27,23.5
North Dakota,2021-08-10,22.9
North Dakota,2021-08-24,29.8
North Dakota,2021-09-07,30.7
North Dakota,2021-09-21,27.4
North Dakota,2021-10-05,33.3
North Dakota,2021-12-07,33.4
North Dakota,2022-01-04,24.8
North Dakota,2022-02-01,30.0
North Dakota,2022-03-08,26.2
North Dakota,2022-04-05,32.6
North Dakota,2022-05-03,29.8
North Dakota,2022-06-07,28.2
North Dakota,2022-07-05,32.7
North Dakota,2022-08-02,26.0
North Dakota,2022-09-20,31.2
North Dakota,2022-10-11,31.1
Ohio,2020-04-29,35.1
Ohio,2020-05-09,32.8
Ohio,2020-05-16,33.9
Ohio,2020-05-23,34.6
Ohio,2020-05-30,37.0
Ohio,2020-06-06,36.9
Ohio,2020-06-13,35.6
Ohio,2020-06-20,31.6
Ohio,2020-06-27,34.6
Ohio,2020-07-04,34.9
Ohio,2020-07-11,34.8
Ohio,2020-07-18,37.1
Ohio,2020-08-25,37.3
Ohio,2020-09-08,36.4
Ohio,2020-09-22,36.5
Ohio,2020-10-06,38.5
Ohio,2020-10-20,37.2
Ohio,2020-11-03,42.0
Ohio,2020-11-17,41.7
Ohio,2020-12-01,44.2
Ohio,2020-12-15,46.0
Ohio,2021-01-12,41.4
Ohio,2021-01-26,43.2
Ohio,2021-02-09,36.4
Ohio,2021-02-23,38.3
Ohio,2021-03-09,41.2
Ohio,2021-03-23,33.4
Ohio,2021-04-20,27.1
Ohio,2021-05-04,31.8
Ohio,2021-05-18,28.5
Ohio,2021-06-01,30.4
Ohio,2021-06-15,28.4
Ohio,2021-06-29,31.2
Ohio,2021-07-27,32.3
Ohio,2021-08-10,27.8
Ohio,2021-08-24,34.5
Ohio,2021-09-07,31.6
Ohio,2021-09-21,28.2
Ohio,2021-10-05,26.4
Ohio,2021-12-07,30.1
Ohio,2022-01-04,32.3
Ohio,2022-02-01,26.7
Ohio,2022-03-08,34.1
Ohio,2022-04-05,28.9
Ohio,2022-05-03,28.2
Ohio,2022-06-07,33.9
Ohio,2022-07-05,28.2
Ohio,2022-08-02,33.0
Ohio,2022-09-20,35.5
Ohio,2022-10-11,35.1
Oklahoma,2020-04-29,34.1
Oklahoma,2020-05-09,31.0
Oklahoma,2020-05-16,29.8
Oklahoma,2020-05-23,32.8
Oklahoma,2020-05-30,38.6
Oklahoma,2020-06-06,33.7
Oklahoma,2020-06-13,34.9
Oklahoma,2020-06-20,44.5
Oklahoma,2020-06-27,43.0
Oklahoma,2020-07-04,42.9
Oklahoma,2020-07-11,44.7
Oklahoma,2020-07-18,44.1
Oklahoma,2020-08-25,38.6
Oklahoma,2020-09-08,38.4
Oklahoma,2020-09-22,34.5
Oklahoma,2020-10-06,38.1
Oklahoma,2020-10-20,39.3
Oklahoma,2020-11-03,43.3
Oklahoma,2020-11-17,46.5
Oklahoma,2020-12-01,43.9
Oklahoma,2020-12-15,48.8
Oklahoma,2021-01-12,42.8
Oklahoma,2021-01-26,47.5
Oklahoma,2021-02-09,38.7
Oklahoma,2021-02-23,42.2
Oklahoma,2021-03-09,37.5
Oklahoma,2021-03-23,39.3
Oklahoma,2021-04-20,29.1
Oklahoma,2021-05-04,34.3
Oklahoma,2021-05-18,33.0
Oklahoma,2021-06-01,31.2
Oklahoma,2021-06-15,38.6
Oklahoma,2021-06-29,37.5
Oklahoma,2021-07-27,38.9
Oklahoma,2021-08-10,39.7
Oklahoma,2021-08-24,38.1
Oklahoma,2021-09-07,34.7
Oklahoma,2021-09-21,41.6
Oklahoma,2021-10-05,37.7
Oklahoma,2021-12-07,38.3
Oklahoma,2022-01-04,35.8
Oklahoma,2022-02-01,33.9
Oklahoma,2022-03-08,38.0
Oklahoma,2022-04-05,38.0
Oklahoma,2022-05-03,38.0
Oklahoma,2022-06-07,35.8
Oklahoma,2022-07-05,42.1
Oklahoma,2022-08-02,34.9
Oklahoma,2022-09-20,42.8
Oklahoma,2022-10-11,40.3
Oregon,2020-04-29,36.8
Oregon,2020-05-09,29.9
Oregon,2020-05-16,31.7
Oregon,2020-05-23,35.3
Oregon,2020-05-30,39.5
Oregon,2020-06-06,40.5
Oregon,2020-06-13,43.5
Oregon,2020-06-20,42.4
Oregon,2020-06-27,38.9
Oregon,2020-07-04,39.7
Oregon,2020-07-11,43.9
Oregon,2020-07-18,50.2
Oregon,2020-08-25,38.4
Oregon,2020-09-08,40.9
Oregon,2020-09-22,47.6
Oregon,2020-10-06,39.0
Oregon,2020-10-20,41.4
Oregon,2020-11-03,44.1
Oregon,2020-11-17,45.2
Oregon,2020-12-01,47.6
Oregon,2020-12-15,45.6
Oregon,2021-01-12,44.3
Oregon,2021-01-26,42.0
Oregon,2021-02-09,45.1
Oregon,2021-02-23,41.2
Oregon,2021-03-09,42.5
Oregon,2021-03-23,35.5
Oregon,2021-04-20,33.3
Oregon,2021-05-04,32.4
Oregon,2021-05-18,32.6
Oregon,2021-06-01,32.8
Oregon,2021-06-15,29.0
Oregon,2021-06-29,36.0
Oregon,2021-07-27,31.5
Oregon,2021-08-10,30.5
Oregon,2021-08-24,35.3
Oregon,2021-09-07,37.1
Oregon,2021-09-21,36.6
Oregon,2021-10-05,34.6
Oregon,2021-12-07,35.6
Oregon,2022-01-04,36.8
Oregon,2022-02-01,37.2
Oregon,2022-03-08,34.7
Oregon,2022-04-05,35.7
Oregon,2022-05-03,32.6
Oregon,2022-06-07,33.5
Oregon,2022-07-05,34.5
Oregon,2022-08-02,29.4
Oregon,2022-09-20,38.6
Oregon,2022-10-11,34.9
Pennsylvania,2020-04-29,35.1
Pennsylvania,2020-05-09,32.0
Pennsylvania,2020-05-16,30.0
Pennsylvania,2020-05-23,33.9
Pennsylvania,2020-05-30,35.1
Pennsylvania,2020-06-06,33.9
Pennsylvania,2020-06-13,35.0
Pennsylvania,2020-06-20,39.8
Pennsylvania,2020-06-27,37.5
Pennsylvania,2020-07-04,37.2
Pennsylvania,2020-07-11,40.3
Pennsylvania,2020-07-18,31.8
Pennsylvania,2020-08-25,35.7
Pennsylvania,2020-09-08,34.7
Pennsylvania,2020-09-22,34.6
Pennsylvania,2020-10-06,37.7
Pennsylvania,2020-10-20,35.4
Pennsylvania,2020-11-03,41.3
Pennsylvania,2020-11-17,39.9
Pennsylvania,2020-12-01,43.1
Pennsylvania,2020-12-15,39.7
Pennsylvania,2021-01-12,41.3
Pennsylvania,2021-01-26,39.8
Pennsylvania,2021-02-09,35.4
Pennsylvania,2021-02-23,38.3
Pennsylvania,2021-03-09,38.9
Pennsylvania,2021-03-23,35.3
Pennsylvania,2021-04-20,30.2
Pennsylvania,2021-05-04,27.3
Pennsylvania,2021-05-18,30.2
Pennsylvania,2021-06-01,29.8
Pennsylvania,2021-06-15,28.0
Pennsylvania,2021-06-29,25.8
Pennsylvania,2021-07-27,30.5
Pennsylvania,2021-08-10,30.8
Pennsylvania,2021-08-24,35.5
Pennsylvania,2021-09-07,27.2
Pennsylvania,2021-09-21,31.5
Pennsylvania,2021-10-05,33.8
Pennsylvania,2021-12-07,28.9
Pennsylvania,2022-01-04,29.1
Pennsylvania,2022-02-01,31.7
Pennsylvania,2022-03-08,33.7
Pennsylvania,2022-04-05,29.5
Pennsylvania,2022-05-03,31.5
Pennsylvania,2022-06-07,30.1
Pennsylvania,2022-07-05,35.6
Pennsylvania,2022-08-02,35.8
Pennsylvania,2022-09-20,33.9
Pennsylvania,2022-10-11,35.8
Rhode Island,2020-04-29,34.4
Rhode Island,2020-05-09,33.8
Rhode Island,2020-05-16,26.2
Rhode Island,2020-05-23,33.8
Rhode Island,2020-05-30,34.0
Rhode Island,2020-06-06,29.2
Rhode Island,2020-06-13,32.2
Rhode Island,2020-06-20,32.9
Rhode Island,2020-06-27,35.2
Rhode Island,2020-07-04,34.8
Rhode Island,2020-07-11,42.0
Rhode Island,2020-07-18,44.5
Rhode Island,2020-08-25,34.2
Rhode Island,2020-09-08,34.9
Rhode Island,2020-09-22,38.3
Rhode Island,2020-10-06,35.1
Rhode Island,2020-10-20,39.1
Rhode Island,2020-11-03,42.3
Rhode Island,2020-11-17,44.5
Rhode Island,2020-12-01,41.5
Rhode Island,2020-12-15,35.8
Rhode Island,2021-01-12,46.8
Rhode Island,2021-01-26,41.5
Rhode Island,2021-02-09,38.1
Rhode Island,2021-02-23,38.5
Rhode Island,2021-03-09,39.1
Rhode Island,2021-03-23,36.9
Rhode Island,2021-04-20,26.5
Rhode Island,2021-05-04,24.5
Rhode Island,2021-05-18,26.4
Rhode Island,2021-06-01,27.0
Rhode Island,2021-06-15,31.3
Rhode Island,2021-06-29,26.2
Rhode Island,2021-07-27,30.8
Rhode Island,2021-08-10,31.4
Rhode Island,2021-08-24,29.3
Rhode Island,2021-09-07,32.1
Rhode Island,2021-09-21,27.0
Rhode Island,2021-10-05,37.3
Rhode Island,2021-12-07,27.8
Rhode Island,2022-01-04,35.6
Rhode Island,2022-02-01,27.6
Rhode Island,2022-03-08,26.5
Rhode Island,2022-04-05,25.7
Rhode Island,2022-05-03,25.0
Rhode Island,2022-06-07,32.0
Rhode Island,2022-07-05,37.3
Rhode Island,2022-08-02,33.8
Rhode Island,2022-09-20,30.3
Rhode Island,2022-10-11,36.1
South Carolina,2020-04-29,33.3
South Carolina,2020-05-09,33.1
South Carolina,2020-05-16,31.3
South Carolina,2020-05-23,32.2
South Carolina,2020-05-30,35.6
South Carolina,2020-06-06,31.4
South Carolina,2020-06-13,35.5
South Carolina,2020-06-20,34.4
South Carolina,2020-06-27,39.4
South Carolina,2020-07-04,38.6
South Carolina,2020-07-11,34.3
South Carolina,2020-07-18,42.3
South Carolina,2020-08-25,30.4
South Carolina,2020-09-08,31.6
South Carolina,2020-09-22,35.3
South Carolina,2020-10-06,32.9
South Carolina,2020-10-20,36.5
South Carolina,2020-11-03,41.4
South Carolina,2020-11-17,44.9
South Carolina,2020-12-01,33.6
South Carolina,2020-12-15,40.2
South Carolina,2021-01-12,42.0
South Carolina,2021-01-26,37.6
South Carolina,2021-02-09,38.8
South Carolina,2021-02-23,36.6
South Carolina,2021-03-09,30.5
South Carolina,2021-03-23,33.1
South Carolina,2021-04-20,29.8
South Carolina,2021-05-04,30.0
South Carolina,2021-05-18,30.1
South Carolina,2021-06-01,30.8
South Carolina,2021-06-15,30.0
South Carolina,2021-06-29,32.0
South Carolina,2021-07-27,30.9
South Carolina,2021-08-10,28.9
South Carolina,2021-08-24,32.7
South Carolina,2021-09-07,29.2
South Carolina,2021-09-21,27.1
South Carolina,2021-10-05,30.2
South Carolina,2021-12-07,25.1
South Carolina,2022-01-04,29.7
South Carolina,2022-02-01,29.7
South Carolina,2022-03-08,27.3
South Carolina,2022-04-05,25.3
South Carolina,2022-05-03,30.8
South Carolina,2022-06-07,37.8
South Carolina,2022-07-05,31.3
South Carolina,2022-08-02,25.6
South Carolina,2022-09-20,36.7
South Carolina,2022-10-11,39.0
South Dakota,2020-04-29,25.6
South Dakota,2020-05-09,29.8
South Dakota,2020-05-16,27.8
South Dakota,2020-05-23,36.3
South Dakota,2020-05-30,29.7
South Dakota,2020-06-06,29.8
South Dakota,2020-06-13,28.0
South Dakota,2020-06-20,31.0
South Dakota,2020-06-27,35.0
South Dakota,2020-07-04,35.2
South Dakota,2020-07-11,34.7
South Dakota,2020-07-18,35.4
South Dakota,2020-08-25,24.2
South Dakota,2020-09-08,29.9
South Dakota,2020-09-22,27.3
South Dakota,2020-10-06,31.3
South Dakota,2020-10-20,28.7
South Dakota,2020-11-03,32.3
South Dakota,2020-11-17,42.3
South Dakota,2020-12-01,32.4
South Dakota,2020-12-15,31.8
South Dakota,2021-01-12,34.0
South Dakota,2021-01-26,29.1
South Dakota,2021-02-09,30.9
South Dakota,2021-02-23,31.3
South Dakota,2021-03-09,25.9
South Dakota,2021-03-23,24.9
South Dakota,2021-04-20,26.6
South Dakota,2021-05-04,24.4
South Dakota,2021-05-18,24.3
South Dakota,2021-06-01,25.5
South Dakota,2021-06-15,23.5
South Dakota,2021-06-29,25.2
South Dakota,2021-07-27,23.6
South Dakota,2021-08-10,21.2
South Dakota,2021-08-24,31.1
South Dakota,2021-09-07,19.9
South Dakota,2021-09-21,23.7
South Dakota,2021-10-05,24.7
South Dakota,2021-12-07,24.0
South Dakota,2022-01-04,28.7
South Dakota,2022-02-01,27.2
South Dakota,2022-03-08,27.8
South Dakota,2022-04-05,28.6
South Dakota,2022-05-03,19.2
South Dakota,2022-06-07,26.9
South Dakota,2022-07-05,28.0
South Dakota,2022-08-02,28.6
South Dakota,2022-09-20,33.8
South Dakota,2022-10-11,31.6
Tennessee,2020-04-29,33.4
Tennessee,2020-05-09,34.7
Tennessee,2020-05-16,32.5
Tennessee,2020-05-23,33.1
Tennessee,2020-05-30,33.6
Tennessee,2020-06-06,38.0
Tennessee,2020-06-13,31.7
Tennessee,2020-06-20,36.6
Tennessee,2020-06-27,42.4
Tennessee,2020-07-04,41.9
Tennessee,2020-07-11,41.9
Tennessee,2020-07-18,43.6
Tennessee,2020-08-25,38.4
Tennessee,2020-09-08,32.4
Tennessee,2020-09-22,35.6
Tennessee,2020-10-06,36.2
Tennessee,2020-10-20,37.8
Tennessee,2020-11-03,36.7
Tennessee,2020-11-17,42.7
Tennessee,2020-12-01,39.2
Tennessee,2020-12-15,41.0
Tennessee,2021-01-12,39.6
Tennessee,2021-01-26,43.5
Tennessee,2021-02-09,40.6
Tennessee,2021-02-23,43.5
Tennessee,2021-03-09,34.5
Tennessee,2021-03-23,36.2
Tennessee,2021-04-20,31.9
Tennessee,2021-05-04,29.8
Tennessee,2021-05-18,33.5
Tennessee,2021-06-01,29.2
Tennessee,2021-06-15,31.3
Tennessee,2021-06-29,29.8
Tennessee,2021-07-27,27.6
Tennessee,2021-08-10,33.2
Tennessee,2021-08-24,41.7
Tennessee,2021-09-07,36.8
Tennessee,2021-09-21,36.5
Tennessee,2021-10-05,34.6
Tennessee,2021-12-07,31.4
Tennessee,2022-01-04,31.3
Tennessee,2022-02-01,33.9
Tennessee,2022-03-08,29.7
Tennessee,2022-04-05,29.8
Tennessee,2022-05-03,32.1
Tennessee,2022-06-07,36.2
Tennessee,2022-07-05,34.5
Tennessee,2022-08-02,33.6
Tennessee,2022-09-20,37.9
Tennessee,2022-10-11,36.3
Texas,2020-04-29,34.9
Texas,2020-05-09,35.9
Texas,2020-05-16,34.8
Texas,2020-05-23,37.7
Texas,2020-05-30,36.9
Texas,2020-06-06,39.6
Texas,2020-06-13,39.5
Texas,2020-06-20,36.2
Texas,2020-06-27,40.7
Texas,2020-07-04,41.6
Texas,2020-07-11,45.9
Texas,2020-07-18,44.3
Texas,2020-08-25,37.1
Texas,2020-09-08,38.2
Texas,2020-09-22,39.5
Texas,2020-10-06,38.8
Texas,2020-10-20,41.4
Texas,2020-11-03,44.4
Texas,2020-11-17,47.3
Texas,2020-12-01,44.1
Texas,2020-12-15,43.2
Texas,2021-01-12,39.0
Texas,2021-01-26,43.4
Texas,2021-02-09,39.9
Texas,2021-02-23,40.9
Texas,2021-03-09,35.7
Texas,2021-03-23,35.0
Texas,2021-04-20,34.6
Texas,2021-05-04,33.1
Texas,2021-05-18,32.4
Texas,2021-06-01,32.2
Texas,2021-06-15,31.7
Texas,2021-06-29,31.6
Texas,2021-07-27,38.1
Texas,2021-08-10,31.9
Texas,2021-08-24,32.6
Texas,2021-09-07,36.3
Texas,2021-09-21,32.5
Texas,2021-10-05,34.2
Texas,2021-12-07,29.5
Texas,2022-01-04,35.1
Texas,2022-02-01,32.9
Texas,2022-03-08,34.5
Texas,2022-04-05,34.3
Texas,2022-05-03,34.1
Texas,2022-06-07,34.1
Texas,2022-07-05,37.0
Texas,2022-08-02,36.6
Texas,2022-09-20,36.9
Texas,2022-10-11,40.3
Utah,2020-04-29,34.7
Utah,2020-05-09,30.4
Utah,2020-05-16,30.3
Utah,2020-05-23,31.9
Utah,2020-05-30,34.5
Utah,2020-06-06,34.1
Utah,2020-06-13,36.0
Utah,2020-06-20,37.2
Utah,2020-06-27,36.7
Utah,2020-07-04,34.7
Utah,2020-07-11,34.3
Utah,2020-07-18,37.8
Utah,2020-08-25,34.4
Utah,2020-09-08,33.3
Utah,2020-09-22,38.5
Utah,2020-10-06,36.1
Utah,2020-10-20,33.1
Utah,2020-11-03,36.4
Utah,2020-11-17,44.3
Utah,2020-12-01,44.2
Utah,2020-12-15,40.6
Utah,2021-01-12,42.8
Utah,2021-01-26,40.9
Utah,2021-02-09,40.2
Utah,2021-02-23,36.8
Utah,2021-03-09,32.6
Utah,2021-03-23,31.5
Utah,2021-04-20,25.1
Utah,2021-05-04,30.1
Utah,2021-05-18,27.7
Utah,2021-06-01,29.0
Utah,2021-06-15,29.8
Utah,2021-06-29,28.1
Utah,2021-07-27,32.2
Utah,2021-08-10,33.0
Utah,2021-08-24,33.7
Utah,2021-09-07,29.9
Utah,2021-09-21,35.6
Utah,2021-10-05,31.1
Utah,2021-12-07,32.5
Utah,2022-01-04,34.3
Utah,2022-02-01,28.3
Utah,2022-03-08,31.6
Utah,2022-04-05,31.1
Utah,2022-05-03,36.9
Utah,2022-06-07,34.7
Utah,2022-07-05,38.8
Utah,2022-08-02,32.9
Utah,2022-09-20,36.8
Utah,2022-10-11,37.7
Vermont,2020-04-29,33.9
Vermont,2020-05-09,35.7
Vermont,2020-05-16,29.6
Vermont,2020-05-23,28.8
Vermont,2020-05-30,35.3
Vermont,2020-06-06,33.7
Vermont,2020-06-13,36.3
Vermont,2020-06-20,27.9
Vermont,2020-06-27,32.8
Vermont,2020-07-04,32.2
Vermont,2020-07-11,35.4
Vermont,2020-07-18,33.2
Vermont,2020-08-25,32.0
Vermont,2020-09-08,34.5
Vermont,2020-09-22,36.6
Vermont,2020-10-06,44.0
Vermont,2020-10-20,36.1
Vermont,2020-11-03,43.8
Vermont,2020-11-17,39.8
Vermont,2020-12-01,40.6
Vermont,2020-12-15,41.1
Vermont,2021-01-12,35.2
Vermont,2021-01-26,36.2
Vermont,2021-02-09,38.7
Vermont,2021-02-23,37.2
Vermont,2021-03-09,35.5
Vermont,2021-03-23,32.1
Vermont,2021-04-20,31.4
Vermont,2021-05-04,28.0
Vermont,2021-05-18,28.0
Vermont,2021-06-01,25.9
Vermont,2021-06-15,23.0
Vermont,2021-06-29,25.5
Vermont,2021-07-27,25.8
Vermont,2021-08-10,27.8
Vermont,2021-08-24,29.3
Vermont,2021-09-07,37.5
Vermont,2021-09-21,24.3
Vermont,2021-10-05,33.6
Vermont,2021-12-07,32.2
Vermont,2022-01-04,34.5
Vermont,2022-02-01,31.6
Vermont,2022-03-08,29.9
Vermont,2022-04-05,28.1
Vermont,2022-05-03,25.6
Vermont,2022-06-07,29.2
Vermont,2022-07-05,26.0
Vermont,2022-08-02,30.8
Vermont,2022-09-20,33.0
Vermont,2022-10-11,28.1
Virginia,2020-04-29,33.7
Virginia,2020-05-09,30.6
Virginia,2020-05-16,32.2
Virginia,2020-05-23,33.1
Virginia,2020-05-30,31.4
Virginia,2020-06-06,36.5
Virginia,2020-06-13,33.9
Virginia,2020-06-20,36.9
Virginia,2020-06-27,33.1
Virginia,2020-07-04,38.5
Virginia,2020-07-11,35.2
Virginia,2020-07-18,38.3
Virginia,2020-08-25,35.2
Virginia,2020-09-08,33.3
Virginia,2020-09-22,36.5
Virginia,2020-10-06,32.9
Virginia,2020-10-20,35.6
Virginia,2020-11-03,36.7
Virginia,2020-11-17,38.2
Virginia,2020-12-01,39.3
Virginia,2020-12-15,40.4
Virginia,2021-01-12,41.4
Virginia,2021-01-26,36.9
Virginia,2021-02-09,38.7
Virginia,2021-02-23,37.0
Virginia,2021-03-09,34.3
Virginia,2021-03-23,31.4
Virginia,2021-04-20,25.8
Virginia,2021-05-04,27.3
Virginia,2021-05-18,32.3
Virginia,2021-06-01,29.9
Virginia,2021-06-15,28.3
Virginia,2021-06-29,25.9
Virginia,2021-07-27,30.3
Virginia,2021-08-10,30.3
Virginia,2021-08-24,28.0
Virginia,2021-09-07,30.7
Virginia,2021-09-21,31.8
Virginia,2021-10-05,27.9
Virginia,2021-12-07,31.5
Virginia,2022-01-04,35.4
Virginia,2022-02-01,29.8
Virginia,2022-03-08,29.8
Virginia,2022-04-05,29.7
Virginia,2022-05-03,30.2
Virginia,2022-06-07,29.6
Virginia,2022-07-05,31.9
Virginia,2022-08-02,32.0
Virginia,2022-09-20,34.5
Virginia,2022-10-11,33.5
Washington,2020-04-29,35.0
Washington,2020-05-09,35.0
Washington,2020-05-16,33.0
Washington,2020-05-23,31.8
Washington,2020-05-30,36.7
Washington,2020-06-06,31.9
Washington,2020-06-13,34.2
Washington,2020-06-20,34.7
Washington,2020-06-27,42.0
Washington,2020-07-04,42.0
Washington,2020-07-11,40.5
Washington,2020-07-18,43.8
Washington,2020-08-25,37.2
Washington,2020-09-08,35.4
Washington,2020-09-22,39.9
Washington,2020-10-06,38.5
Washington,2020-10-20,41.7
Washington,2020-11-03,38.8
Washington,2020-11-17,43.4
Washington,2020-12-01,43.3
Washington,2020-12-15,42.4
Washington,2021-01-12,44.1
Washington,2021-01-26,46.3
Washington,2021-02-09,40.9
Washington,2021-02-23,40.1
Washington,2021-03-09,37.3
Washington,2021-03-23,35.6
Washington,2021-04-20,29.7
Washington,2021-05-04,32.6
Washington,2021-05-18,31.3
Washington,2021-06-01,32.4
Washington,2021-06-15,29.0
Washington,2021-06-29,28.3
Washington,2021-07-27,34.7
Washington,2021-08-10,31.1
Washington,2021-08-24,33.7
Washington,2021-09-07,34.1
Washington,2021-09-21,36.2
Washington,2021-10-05,33.5
Washington,2021-12-07,33.6
Washington,2022-01-04,32.7
Washington,2022-02-01,32.3
Washington,2022-03-08,33.9
Washington,2022-04-05,28.4
Washington,2022-05-03,34.3
Washington,2022-06-07,30.7
Washington,2022-07-05,28.5
Washington,2022-08-02,30.5
Washington,2022-09-20,35.7
Washington,2022-10-11,36.9
West Virginia,2020-04-29,34.3
West Virginia,2020-05-09,39.0
West Virginia,2020-05-16,34.3
West Virginia,2020-05-23,37.9
West Virginia,2020-05-30,38.9
West Virginia,2020-06-06,38.9
West Virginia,2020-06-13,32.2
West Virginia,2020-06-20,38.4
West Virginia,2020-06-27,45.1
West Virginia,2020-07-04,34.6
West Virginia,2020-07-11,40.9
West Virginia,2020-07-18,37.0
West Virginia,2020-08-25,34.5
West Virginia,2020-09-08,38.4
West Virginia,2020-09-22,39.2
West Virginia,2020-10-06,42.8
West Virginia,2020-10-20,36.0
West Virginia,2020-11-03,39.3
West Virginia,2020-11-17,42.6
West Virginia,2020-12-01,44.2
West Virginia,2020-12-15,48.1
West Virginia,2021-01-12,49.7
West Virginia,2021-01-26,41.8
West Virginia,2021-02-09,41.8
West Virginia,2021-02-23,39.1
West Virginia,2021-03-09,43.5
West Virginia,2021-03-23,41.0
West Virginia,2021-04-20,42.1
West Virginia,2021-05-04,31.0
West Virginia,2021-05-18,31.6
West Virginia,2021-06-01,31.8
West Virginia,2021-06-15,37.2
West Virginia,2021-06-29,34.1
West Virginia,2021-07-27,35.4
West Virginia,2021-08-10,34.0
West Virginia,2021-08-24,34.2
West Virginia,2021-09-07,32.6
West Virginia,2021-09-21,30.7
West Virginia,2021-10-05,31.7
West Virginia,2021-12-07,39.9
West Virginia,2022-01-04,34.6
West Virginia,2022-02-01,36.1
West Virginia,2022-03-08,34.0
West Virginia,2022-04-05,44.0
West Virginia,2022-05-03,31.0
West Virginia,2022-06-07,40.2
West Virginia,2022-07-05,37.5
West Virginia,2022-08-02,42.6
West Virginia,2022-09-20,36.5
West Virginia,2022-10-11,38.2
Wisconsin,2020-04-29,31.1
Wisconsin,2020-05-09,29.7
Wisconsin,2020-05-16,28.0
Wisconsin,2020-05-23,28.9
Wisconsin,2020-05-30,26.7
Wisconsin,2020-06-06,28.3
Wisconsin,2020-06-13,26.5
Wisconsin,2020-06-20,24.6
Wisconsin,2020-06-27,29.2
Wisconsin,2020-07-04,34.1
Wisconsin,2020-07-11,36.6
Wisconsin,2020-07-18,33.3
Wisconsin,2020-08-25,29.1
Wisconsin,2020-09-08,31.3
Wisconsin,2020-09-22,30.8
Wisconsin,2020-10-06,34.5
Wisconsin,2020-10-20,36.0
Wisconsin,2020-11-03,39.2
Wisconsin,2020-11-17,38.7
Wisconsin,2020-12-01,35.5
Wisconsin,2020-12-15,40.0
Wisconsin,2021-01-12,34.8
Wisconsin,2021-01-26,36.4
Wisconsin,2021-02-09,36.7
Wisconsin,2021-02-23,30.4
Wisconsin,2021-03-09,31.7
Wisconsin,2021-03-23,32.3
Wisconsin,2021-04-20,26.0
Wisconsin,2021-05-04,26.4
Wisconsin,2021-05-18,29.9
Wisconsin,2021-06-01,22.3
Wisconsin,2021-06-15,22.4
Wisconsin,2021-06-29,24.8
Wisconsin,2021-07-27,27.0
Wisconsin,2021-08-10,27.9
Wisconsin,2021-08-24,25.1
Wisconsin,2021-09-07,26.5
Wisconsin,2021-09-21,28.3
Wisconsin,2021-10-05,22.9
Wisconsin,2021-12-07,26.3
Wisconsin,2022-01-04,25.5
Wisconsin,2022-02-01,28.2
Wisconsin,2022-03-08,27.4
Wisconsin,2022-04-05,29.1
Wisconsin,2022-05-03,26.7
Wisconsin,2022-06-07,30.8
Wisconsin,2022-07-05,27.6
Wisconsin,2022-08-02,27.9
Wisconsin,2022-09-20,33.1
Wisconsin,2022-10-11,29.9
Wyoming,2020-04-29,31.0
Wyoming,2020-05-09,27.9
Wyoming,2020-05-16,28.0
Wyoming,2020-05-23,28.3
Wyoming,2020-05-30,32.9
Wyoming,2020-06-06,29.4
Wyoming,2020-06-13,32.6
Wyoming,2020-06-20,28.4
Wyoming,2020-06-27,34.2
Wyoming,2020-07-04,36.0
Wyoming,2020-07-11,33.0
Wyoming,2020-07-18,41.3
Wyoming,2020-08-25,35.6
Wyoming,2020-09-08,33.6
Wyoming,2020-09-22,33.2
Wyoming,2020-10-06,33.1
Wyoming,2020-10-20,32.0
Wyoming,2020-11-03,37.0
Wyoming,2020-11-17,39.5
Wyoming,2020-12-01,44.8
Wyoming,2020-12-15,39.0
Wyoming,2021-01-12,37.9
Wyoming,2021-01-26,40.2
Wyoming,2021-02-09,29.2
Wyoming,2021-02-23,38.1
Wyoming,2021-03-09,36.1
Wyoming,2021-03-23,35.6
Wyoming,2021-04-20,22.0
Wyoming,2021-05-04,27.2
Wyoming,2021-05-18,32.3
Wyoming,2021-06-01,24.2
Wyoming,2021-06-15,26.1
Wyoming,2021-06-29,27.5
Wyoming,2021-07-27,32.3
Wyoming,2021-08-10,25.4
Wyoming,2021-08-24,31.7
Wyoming,2021-09-07,31.1
Wyoming,2021-09-21,27.2
Wyoming,2021-10-05,29.5
Wyoming,2021-12-07,32.3
Wyoming,2022-01-04,33.9
Wyoming,2022-02-01,33.0
Wyoming,2022-03-08,32.4
Wyoming,2022-04-05,31.3
Wyoming,2022-05-03,26.7
Wyoming,2022-06-07,33.7
Wyoming,2022-07-05,34.5
Wyoming,2022-08-02,28.2
Wyoming,2022-09-20,37.4
Wyoming,2022-10-11,27.5
